"period","y","in.","out"
"1985Q1",NA,NA,0.00861021364396245
"1985Q2",0.00915723944039087,0.00735407831375372,NA
"1985Q3",0.015561363244405,0.00956789196847731,NA
"1985Q4",0.00749817117776159,0.00895379522006103,NA
"1986Q1",0.00927054430412572,0.00819395299489291,NA
"1986Q2",0.00458627201603266,0.00456044652062417,NA
"1986Q3",0.0100769840660887,0.00649401577037445,NA
"1986Q4",0.00517813283366668,0.00776200725139478,NA
"1987Q1",0.00699036463253353,0.00775496697547531,NA
"1987Q2",0.0112195121951219,0.00796974151237732,NA
"1987Q3",0.00906650834291936,0.00989453126870919,NA
"1987Q4",0.0165113998529052,0.0108749125697968,NA
"1988Q1",0.00561940019535236,0.00851389198833909,NA
"1988Q2",0.0132145383905125,0.0103114213859217,NA
"1988Q3",0.00577548967394512,0.00816792602337473,NA
"1988Q4",0.0132497087652825,0.00998054373688723,NA
"1989Q1",0.0100802471286394,0.0081389407631955,NA
"1989Q2",0.00786414799314757,0.0063369255256577,NA
"1989Q3",0.00746055828703752,0.00558007527656143,NA
"1989Q4",0.00211742059672771,0.00634847922661965,NA
"1990Q1",0.010948905109489,0.00858931677673961,NA
"1990Q2",0.00386717483877462,0.00438865307453482,NA
"1990Q3",0.000244942494182494,0.00433797197907064,NA
"1990Q4",-0.0085152328053518,-0.00109863609460353,NA
"1991Q1",-0.00469272739519942,-0.00184956869126072,NA
"1991Q2",0.00776033207002338,0.00751910642232633,NA
"1991Q3",0.00480166547277933,0.00763217649668809,NA
"1991Q4",0.00435542980628924,0.00611826890776076,NA
"1992Q1",0.011822900492436,0.00844625330038525,NA
"1992Q2",0.011016113120684,0.00850410863181929,NA
"1992Q3",0.00972515856236794,0.00882659797379359,NA
"1992Q4",0.0100180389125112,0.00872947522665344,NA
"1993Q1",0.00187104661670126,0.00582253457903938,NA
"1993Q2",0.00594221198841269,0.00672934632784053,NA
"1993Q3",0.00487336631470121,0.00670824624510097,NA
"1993Q4",0.0133525083190746,0.0103986591983653,NA
"1994Q1",0.00980991350287468,0.00860516127466252,NA
"1994Q2",0.0136640610574259,0.0112407275410784,NA
"1994Q3",0.00589997368793907,0.00818971989300115,NA
"1994Q4",0.0113484310391661,0.0090618117035532,NA
"1995Q1",0.0034220343198209,0.00544036954850663,NA
"1995Q2",0.0034896747266257,0.00528040796382243,NA
"1995Q3",0.00856541626737524,0.00790542838573467,NA
"1995Q4",0.00709192069587037,0.00719898737530596,NA
"1996Q1",0.00656538147297981,0.00667519712879928,NA
"1996Q2",0.0174611303835263,0.0106506677764716,NA
"1996Q3",0.00925028966512808,0.00854109932892325,NA
"1996Q4",0.0105676214853014,0.00784515108343616,NA
"1997Q1",0.00761702563529525,0.00826194146935755,NA
"1997Q2",0.0150911661691727,0.00868961210951463,NA
"1997Q3",0.0127273720434806,0.0105457939224333,NA
"1997Q4",0.0077580007191657,0.00817904397840189,NA
"1998Q1",0.0098926879744522,0.00737867833350164,NA
"1998Q2",0.00969861852100477,0.00693201653477946,NA
"1998Q3",0.0130872189659698,0.0082946511629658,NA
"1998Q4",0.0164153843496883,0.011408341878947,NA
"1999Q1",0.00798593116806987,0.00819378640503568,NA
"1999Q2",0.00824293913878979,0.00679115488637261,NA
"1999Q3",0.01258934169279,0.00939657045968948,NA
"1999Q4",0.0173531135712575,0.0121943349312489,NA
"2000Q1",0.00290506601316215,0.00853347552711201,NA
"2000Q2",0.018884870257543,0.00785625102435538,NA
"2000Q3",0.00120706769902726,0.00712036487131743,NA
"2000Q4",0.00567906914028717,0.00482984026089382,NA
"2001Q1",-0.00283927346146869,0.00276794106421666,NA
"2001Q2",0.00529924940482311,0.00235793443575512,NA
"2001Q3",-0.0031627892339283,0.00105285329978818,NA
"2001Q4",0.00277819433153637,0.000579275046915788,NA
"2002Q1",0.00920875540128923,0.00770735632301684,NA
"2002Q2",0.00551383137190681,0.00773205621333021,NA
"2002Q3",0.00487086015667411,0.00607008684749499,NA
"2002Q4",0.000632921162722543,0.00491822374204707,NA
"2003Q1",0.005183585313175,0.00515394581024786,NA
"2003Q2",0.00927773343974458,0.00636992591793206,NA
"2003Q3",0.0167501767778529,0.0120009374786586,NA
"2003Q4",0.0116882534174868,0.0108565406052468,NA
"2004Q1",0.00575073732139816,0.00805876323777969,NA
"2004Q2",0.00732738029618203,0.00820608446902627,NA
"2004Q3",0.00909077643694084,0.00791368516575716,NA
"2004Q4",0.00864736674668135,0.00905942371889586,NA
"2005Q1",0.0106591925679551,0.00934626379615236,NA
"2005Q2",0.00522019135973221,0.00773241548108458,NA
"2005Q3",0.00840347992972394,0.00764353531386885,NA
"2005Q4",0.00570956772414954,0.00677913544707787,NA
"2006Q1",0.0120152503930873,0.00933923200568852,NA
"2006Q2",0.00299049229690432,0.0045384598973494,NA
"2006Q3",0.00089104567637221,0.00269039035957348,NA
"2006Q4",0.00782737320751094,0.00474505582051775,NA
"2007Q1",0.000618336742112834,0.00621654004183853,NA
"2007Q2",0.00765313051745218,0.00528834323823092,NA
"2007Q3",0.00672565656021075,0.00540791901080993,NA
"2007Q4",0.00356796197744079,0.00548548040371972,NA
"2008Q1",-0.00682373030590051,0.000946637440093666,NA
"2008Q2",0.00496322912119276,0.00370543051808626,NA
"2008Q3",-0.0047983747009369,-0.00116256776351052,NA
"2008Q4",-0.00388848557698465,-0.00742254010328632,NA
"2009Q1",-0.0138574466625506,-0.00751750845031913,NA
"2009Q2",-0.00134956521739128,0.000327853063939489,NA
"2009Q3",0.00326701774917103,0.00717066047466709,NA
"2009Q4",0.00967887519527857,0.00790342073766553,NA
"2010Q1",0.00432543202745168,0.0085756843686078,NA
"2010Q2",0.0096612072743208,0.00799745229493574,NA
"2010Q3",0.00675441987264259,0.00718114869503536,NA
"2010Q4",0.00629820484321848,0.00779463502322511,NA
"2011Q1",-0.00386237365285499,0.00570731537957808,NA
"2011Q2",0.00727758999549778,0.00633976131802292,NA
"2011Q3",0.00210145701019373,0.00626314975196048,NA
"2011Q4",0.0112641550885088,0.00781703680494398,NA
"2012Q1",0.00662923049577696,0.00886092943065184,NA
"2012Q2",0.00466941338041983,0.00549267427819949,NA
"2012Q3",0.00119772952142892,0.00485940777226192,NA
"2012Q4",0.000227556433995631,0.00580078821803675,NA
"2013Q1",0.00699414337993931,0.00593328604159044,NA
"2013Q2",0.00191713088775429,0.00424245946518007,NA
"2013Q3",0.00771183383156369,0.00585574510865979,NA
"2013Q4",0.00975622230888739,0.00940753235544662,NA
"2014Q1",-0.00296950088325237,0.00426574910187343,NA
"2014Q2",0.00976693973455257,0.0068860878610055,NA
"2014Q3",0.0121817770175086,0.00809724040971745,NA
"2014Q4",0.00572866507191902,0.00679391041279775,NA
"2015Q1",0.00508442116058241,0.0029783424175535,NA
"2015Q2",0.00646628557379069,0.00856798062936988,NA
"2015Q3",0.00492848505575849,0.00425313528019693,NA
"2015Q4",0.00217564372922347,0.00374798565720219,NA
"2016Q1",0.00207996022000275,0.00290206837820379,NA
"2016Q2",0.0035158850226928,0.0052314244646085,NA
"2016Q3",0.0086775090302779,0.00690880606934428,NA
"2016Q4",0.00465116279069763,0.00715491099284778,NA
"2017Q1",NA,NA,0.00687778110085357
"2017Q2",NA,NA,0.00729014301392438
"2017Q3",NA,NA,0.00689910885064212
"2017Q4",NA,NA,0.00671548624794078
